<?xml version="1.0" encoding="UTF-8"?>
<!DOCTYPE fontscolors PUBLIC "-//NetBeans//DTD Editor Fonts and Colors settings 1.1//EN" "http://www.netbeans.org/dtds/EditorFontsColors-1_1.dtd">
<fontscolors>
    <fontcolor default="smarty" foreColor="ffdcdccb" name="argument"/>
    <fontcolor default="smarty" foreColor="ffdfc47d" name="other"/>
    <fontcolor name="error" underline="red"/>
    <fontcolor default="smarty" name="whitespace"/>
    <fontcolor default="smarty" foreColor="ffdcdccb" name="smarty_function">
        <font style="bold"/>
    </fontcolor>
    <fontcolor default="smarty" name="smarty_delimiter">
        <font style="bold"/>
    </fontcolor>
    <fontcolor default="default" name="smarty"/>
    <fontcolor default="smarty" foreColor="white" name="pipe">
        <font style="bold"/>
    </fontcolor>
    <fontcolor default="smarty" name="smarty_operator"/>
    <fontcolor default="smarty" foreColor="ff6185a6" name="variable_modifier"/>
    <fontcolor default="smarty" foreColor="ffcc9d9d" name="string"/>
    <fontcolor default="smarty" foreColor="ffcedf99" name="php_variable"/>
    <fontcolor default="smarty" foreColor="ffdcdccb" name="argument_value"/>
    <fontcolor default="smarty" name="config_variable"/>
    <fontcolor default="smarty" foreColor="ff7f9f7f" name="comment"/>
</fontscolors>
