<?xml version="1.0" encoding="UTF-8"?>
<!DOCTYPE fontscolors PUBLIC "-//NetBeans//DTD Editor Fonts and Colors settings 1.1//EN" "http://www.netbeans.org/dtds/EditorFontsColors-1_1.dtd">
<fontscolors>
    <fontcolor foreColor="ffdfc47d" name="twig_var">
        <font style="bold"/>
    </fontcolor>
    <fontcolor default="error" name="twig_other"/>
    <fontcolor foreColor="ffbf5e5e" name="twig_interpolation"/>
    <fontcolor default="comment" name="twig_comment"/>
    <fontcolor foreColor="lightGray" name="twig_block">
        <font style="bold"/>
    </fontcolor>
    <fontcolor default="keyword" name="twig_punctuation"/>
    <fontcolor default="keyword" name="twig_operator"/>
    <fontcolor default="identifier" name="twig_name"/>
    <fontcolor default="keyword" name="twig_tag"/>
    <fontcolor default="number" name="twig_number"/>
    <fontcolor default="string" name="twig_string"/>
</fontscolors>
